{
  "version": "1.2.1",
  "manifest_version": 2,
  "name": "Snazzy",
  "theme": {
    "colors": {
      "bookmark_text": [
        241,
        241,
        240
      ],
      "frame": [
        40,
        42,
        54
      ],
      "ntp_background": [
        52,
        53,
        62
      ],
      "ntp_text": [
        241,
        241,
        240
      ],
      "tab_background_text": [
        241,
        241,
        240
      ],
      "tab_background_text_inactive": [
        241,
        241,
        240
      ],
      "tab_background_text_incognito": [
        241,
        241,
        240
      ],
      "tab_background_text_incognito_inactive": [
        241,
        241,
        240
      ],
      "tab_text": [
        241,
        241,
        240
      ],
      "toolbar": [
        52,
        53,
        62
      ],
      "omnibox_text": [
        241,
        241,
        240
      ],
      "omnibox_background": [
        40,
        42,
        54
      ]
    },
    "tints": {
      "buttons": [
        0.5555555555555556,
        0.5,
        0.5
      ],
      "frame_inactive": [
        -1,
        -1,
        -1
      ],
      "frame_incognito": [
        0.9026845637583891,
        1,
        0.55
      ],
      "frame_incognito_inactive": [
        0.9026845637583891,
        1,
        0.55
      ]
    }
  }
}